character_id,skill_name,skill_type,attack_name,level,raw_value,total_motion_value
Danjin,Execution,Normal Attack,Stage 1 DMG,1,28.80%,0.288
Danjin,Execution,Normal Attack,Stage 1 DMG,2,31.17%,0.3117
Danjin,Execution,Normal Attack,Stage 1 DMG,3,33.53%,0.3353
Danjin,Execution,Normal Attack,Stage 1 DMG,4,36.83%,0.3683
Danjin,Execution,Normal Attack,Stage 1 DMG,5,39.20%,0.392
Danjin,Execution,Normal Attack,Stage 1 DMG,6,41.91%,0.4191
Danjin,Execution,Normal Attack,Stage 1 DMG,7,45.69%,0.4569
Danjin,Execution,Normal Attack,Stage 1 DMG,8,49.47%,0.4947
Danjin,Execution,Normal Attack,Stage 1 DMG,9,53.25%,0.5325
Danjin,Execution,Normal Attack,Stage 1 DMG,10,57.26%,0.5726
Danjin,Execution,Normal Attack,Stage 1 DMG,11,61.99%,0.6199
Danjin,Execution,Normal Attack,Stage 1 DMG,12,66.71%,0.6671
Danjin,Execution,Normal Attack,Stage 1 DMG,13,71.43%,0.7143
Danjin,Execution,Normal Attack,Stage 1 DMG,14,76.16%,0.7616
Danjin,Execution,Normal Attack,Stage 1 DMG,15,80.88%,0.8088
Danjin,Execution,Normal Attack,Stage 1 DMG,16,85.60%,0.856
Danjin,Execution,Normal Attack,Stage 1 DMG,17,90.32%,0.9032
Danjin,Execution,Normal Attack,Stage 1 DMG,18,95.05%,0.9505
Danjin,Execution,Normal Attack,Stage 1 DMG,19,99.77%,0.9977
Danjin,Execution,Normal Attack,Stage 1 DMG,20,104.49%,1.0449
Danjin,Execution,Normal Attack,Stage 2 DMG,1,29.60%,0.296
Danjin,Execution,Normal Attack,Stage 2 DMG,2,32.03%,0.3203
Danjin,Execution,Normal Attack,Stage 2 DMG,3,34.46%,0.3446
Danjin,Execution,Normal Attack,Stage 2 DMG,4,37.86%,0.3786
Danjin,Execution,Normal Attack,Stage 2 DMG,5,40.28%,0.4028
Danjin,Execution,Normal Attack,Stage 2 DMG,6,43.08%,0.4308
Danjin,Execution,Normal Attack,Stage 2 DMG,7,46.96%,0.4696
Danjin,Execution,Normal Attack,Stage 2 DMG,8,50.84%,0.5084
Danjin,Execution,Normal Attack,Stage 2 DMG,9,54.73%,0.5473
Danjin,Execution,Normal Attack,Stage 2 DMG,10,58.85%,0.5885
Danjin,Execution,Normal Attack,Stage 2 DMG,11,63.71%,0.6371
Danjin,Execution,Normal Attack,Stage 2 DMG,12,68.56%,0.6856
Danjin,Execution,Normal Attack,Stage 2 DMG,13,73.42%,0.7342
Danjin,Execution,Normal Attack,Stage 2 DMG,14,78.27%,0.7827
Danjin,Execution,Normal Attack,Stage 2 DMG,15,83.12%,0.8312
Danjin,Execution,Normal Attack,Stage 2 DMG,16,87.98%,0.8798
Danjin,Execution,Normal Attack,Stage 2 DMG,17,92.83%,0.9283
Danjin,Execution,Normal Attack,Stage 2 DMG,18,97.69%,0.9769
Danjin,Execution,Normal Attack,Stage 2 DMG,19,102.54%,1.0254
Danjin,Execution,Normal Attack,Stage 2 DMG,20,107.40%,1.074
Danjin,Execution,Normal Attack,Stage 3 DMG,1,40.00%,0.4
Danjin,Execution,Normal Attack,Stage 3 DMG,2,43.28%,0.4328
Danjin,Execution,Normal Attack,Stage 3 DMG,3,46.56%,0.4656
Danjin,Execution,Normal Attack,Stage 3 DMG,4,51.16%,0.5116
Danjin,Execution,Normal Attack,Stage 3 DMG,5,54.44%,0.5444
Danjin,Execution,Normal Attack,Stage 3 DMG,6,58.21%,0.5821
Danjin,Execution,Normal Attack,Stage 3 DMG,7,63.46%,0.6346
Danjin,Execution,Normal Attack,Stage 3 DMG,8,68.70%,0.687
Danjin,Execution,Normal Attack,Stage 3 DMG,9,73.95%,0.7395
Danjin,Execution,Normal Attack,Stage 3 DMG,10,79.53%,0.7953
Danjin,Execution,Normal Attack,Stage 3 DMG,11,86.09%,0.8609
Danjin,Execution,Normal Attack,Stage 3 DMG,12,92.65%,0.9265
Danjin,Execution,Normal Attack,Stage 3 DMG,13,99.21%,0.9921
Danjin,Execution,Normal Attack,Stage 3 DMG,14,105.77%,1.0577
Danjin,Execution,Normal Attack,Stage 3 DMG,15,112.33%,1.1233
Danjin,Execution,Normal Attack,Stage 3 DMG,16,118.89%,1.1889
Danjin,Execution,Normal Attack,Stage 3 DMG,17,125.45%,1.2545
Danjin,Execution,Normal Attack,Stage 3 DMG,18,132.01%,1.3201
Danjin,Execution,Normal Attack,Stage 3 DMG,19,138.57%,1.3857
Danjin,Execution,Normal Attack,Stage 3 DMG,20,145.13%,1.4513
Danjin,Execution,Normal Attack,Heavy Attack DMG,1,18.67%*3,0.5601
Danjin,Execution,Normal Attack,Heavy Attack DMG,2,20.20%*3,0.606
Danjin,Execution,Normal Attack,Heavy Attack DMG,3,21.73%*3,0.6519
Danjin,Execution,Normal Attack,Heavy Attack DMG,4,23.88%*3,0.7164
Danjin,Execution,Normal Attack,Heavy Attack DMG,5,25.41%*3,0.7623
Danjin,Execution,Normal Attack,Heavy Attack DMG,6,27.17%*3,0.8151
Danjin,Execution,Normal Attack,Heavy Attack DMG,7,29.62%*3,0.8886
Danjin,Execution,Normal Attack,Heavy Attack DMG,8,32.06%*3,0.9618
Danjin,Execution,Normal Attack,Heavy Attack DMG,9,34.51%*3,1.0353
Danjin,Execution,Normal Attack,Heavy Attack DMG,10,37.12%*3,1.1136
Danjin,Execution,Normal Attack,Heavy Attack DMG,11,40.18%*3,1.2054
Danjin,Execution,Normal Attack,Heavy Attack DMG,12,43.24%*3,1.2972
Danjin,Execution,Normal Attack,Heavy Attack DMG,13,46.30%*3,1.389
Danjin,Execution,Normal Attack,Heavy Attack DMG,14,49.36%*3,1.4808
Danjin,Execution,Normal Attack,Heavy Attack DMG,15,52.42%*3,1.5726
Danjin,Execution,Normal Attack,Heavy Attack DMG,16,55.48%*3,1.6644
Danjin,Execution,Normal Attack,Heavy Attack DMG,17,58.55%*3,1.7565
Danjin,Execution,Normal Attack,Heavy Attack DMG,18,61.61%*3,1.8483
Danjin,Execution,Normal Attack,Heavy Attack DMG,19,64.67%*3,1.9401
Danjin,Execution,Normal Attack,Heavy Attack DMG,20,67.73%*3,2.0319
Danjin,Execution,Normal Attack,Mid-air Attack DMG,1,49.60%,0.496
Danjin,Execution,Normal Attack,Mid-air Attack DMG,2,53.67%,0.5367
Danjin,Execution,Normal Attack,Mid-air Attack DMG,3,57.74%,0.5774
Danjin,Execution,Normal Attack,Mid-air Attack DMG,4,63.43%,0.6343
Danjin,Execution,Normal Attack,Mid-air Attack DMG,5,67.50%,0.675
Danjin,Execution,Normal Attack,Mid-air Attack DMG,6,72.18%,0.7218
Danjin,Execution,Normal Attack,Mid-air Attack DMG,7,78.69%,0.7869
Danjin,Execution,Normal Attack,Mid-air Attack DMG,8,85.19%,0.8519
Danjin,Execution,Normal Attack,Mid-air Attack DMG,9,91.70%,0.917
Danjin,Execution,Normal Attack,Mid-air Attack DMG,10,98.61%,0.9861
Danjin,Execution,Normal Attack,Mid-air Attack DMG,11,106.75%,1.0675
Danjin,Execution,Normal Attack,Mid-air Attack DMG,12,114.88%,1.1488
Danjin,Execution,Normal Attack,Mid-air Attack DMG,13,123.02%,1.2302
Danjin,Execution,Normal Attack,Mid-air Attack DMG,14,131.15%,1.3115
Danjin,Execution,Normal Attack,Mid-air Attack DMG,15,139.29%,1.3929
Danjin,Execution,Normal Attack,Mid-air Attack DMG,16,147.42%,1.4742
Danjin,Execution,Normal Attack,Mid-air Attack DMG,17,155.56%,1.5556
Danjin,Execution,Normal Attack,Mid-air Attack DMG,18,163.69%,1.6369
Danjin,Execution,Normal Attack,Mid-air Attack DMG,19,171.82%,1.7182
Danjin,Execution,Normal Attack,Mid-air Attack DMG,20,179.96%,1.7996
Danjin,Execution,Normal Attack,Dodge Counter DMG,1,32.00%*3,0.96
Danjin,Execution,Normal Attack,Dodge Counter DMG,2,34.63%*3,1.0389
Danjin,Execution,Normal Attack,Dodge Counter DMG,3,37.25%*3,1.1175
Danjin,Execution,Normal Attack,Dodge Counter DMG,4,40.93%*3,1.2279
Danjin,Execution,Normal Attack,Dodge Counter DMG,5,43.55%*3,1.3065
Danjin,Execution,Normal Attack,Dodge Counter DMG,6,46.57%*3,1.3971
Danjin,Execution,Normal Attack,Dodge Counter DMG,7,50.77%*3,1.5231
Danjin,Execution,Normal Attack,Dodge Counter DMG,8,54.96%*3,1.6488
Danjin,Execution,Normal Attack,Dodge Counter DMG,9,59.16%*3,1.7748
Danjin,Execution,Normal Attack,Dodge Counter DMG,10,63.62%*3,1.9086
Danjin,Execution,Normal Attack,Dodge Counter DMG,11,68.87%*3,2.0661
Danjin,Execution,Normal Attack,Dodge Counter DMG,12,74.12%*3,2.2236
Danjin,Execution,Normal Attack,Dodge Counter DMG,13,79.37%*3,2.3811
Danjin,Execution,Normal Attack,Dodge Counter DMG,14,84.62%*3,2.5386
Danjin,Execution,Normal Attack,Dodge Counter DMG,15,89.86%*3,2.6958
Danjin,Execution,Normal Attack,Dodge Counter DMG,16,95.11%*3,2.8533
Danjin,Execution,Normal Attack,Dodge Counter DMG,17,100.36%*3,3.0108
Danjin,Execution,Normal Attack,Dodge Counter DMG,18,105.61%*3,3.1683
Danjin,Execution,Normal Attack,Dodge Counter DMG,19,110.86%*3,3.3258
Danjin,Execution,Normal Attack,Dodge Counter DMG,20,116.10%*3,3.483
Danjin,Execution,Normal Attack,Heavy Attack STA Cost,1,20,0.0
Danjin,Execution,Normal Attack,Heavy Attack STA Cost,2,20,0.0
Danjin,Execution,Normal Attack,Heavy Attack STA Cost,3,20,0.0
Danjin,Execution,Normal Attack,Heavy Attack STA Cost,4,20,0.0
Danjin,Execution,Normal Attack,Heavy Attack STA Cost,5,20,0.0
Danjin,Execution,Normal Attack,Heavy Attack STA Cost,6,20,0.0
Danjin,Execution,Normal Attack,Heavy Attack STA Cost,7,20,0.0
Danjin,Execution,Normal Attack,Heavy Attack STA Cost,8,20,0.0
Danjin,Execution,Normal Attack,Heavy Attack STA Cost,9,20,0.0
Danjin,Execution,Normal Attack,Heavy Attack STA Cost,10,20,0.0
Danjin,Execution,Normal Attack,Heavy Attack STA Cost,11,20,0.0
Danjin,Execution,Normal Attack,Heavy Attack STA Cost,12,20,0.0
Danjin,Execution,Normal Attack,Heavy Attack STA Cost,13,20,0.0
Danjin,Execution,Normal Attack,Heavy Attack STA Cost,14,20,0.0
Danjin,Execution,Normal Attack,Heavy Attack STA Cost,15,20,0.0
Danjin,Execution,Normal Attack,Heavy Attack STA Cost,16,20,0.0
Danjin,Execution,Normal Attack,Heavy Attack STA Cost,17,20,0.0
Danjin,Execution,Normal Attack,Heavy Attack STA Cost,18,20,0.0
Danjin,Execution,Normal Attack,Mid-air Attack STA Cost,1,30,0.0
Danjin,Execution,Normal Attack,Mid-air Attack STA Cost,2,30,0.0
Danjin,Execution,Normal Attack,Mid-air Attack STA Cost,3,30,0.0
Danjin,Execution,Normal Attack,Mid-air Attack STA Cost,4,30,0.0
Danjin,Execution,Normal Attack,Mid-air Attack STA Cost,5,30,0.0
Danjin,Execution,Normal Attack,Mid-air Attack STA Cost,6,30,0.0
Danjin,Execution,Normal Attack,Mid-air Attack STA Cost,7,30,0.0
Danjin,Execution,Normal Attack,Mid-air Attack STA Cost,8,30,0.0
Danjin,Execution,Normal Attack,Mid-air Attack STA Cost,9,30,0.0
Danjin,Execution,Normal Attack,Mid-air Attack STA Cost,10,30,0.0
Danjin,Execution,Normal Attack,Mid-air Attack STA Cost,11,30,0.0
Danjin,Execution,Normal Attack,Mid-air Attack STA Cost,12,30,0.0
Danjin,Execution,Normal Attack,Mid-air Attack STA Cost,13,30,0.0
Danjin,Execution,Normal Attack,Mid-air Attack STA Cost,14,30,0.0
Danjin,Execution,Normal Attack,Mid-air Attack STA Cost,15,30,0.0
Danjin,Execution,Normal Attack,Mid-air Attack STA Cost,16,30,0.0
Danjin,Execution,Normal Attack,Mid-air Attack STA Cost,17,30,0.0
Danjin,Execution,Normal Attack,Mid-air Attack STA Cost,18,30,0.0
Danjin,Crimson Fragment,Resonance Skill,Carmine Gleam Damage,1,19.20%*2,0.384
Danjin,Crimson Fragment,Resonance Skill,Carmine Gleam Damage,2,20.78%*2,0.4156
Danjin,Crimson Fragment,Resonance Skill,Carmine Gleam Damage,3,22.35%*2,0.447
Danjin,Crimson Fragment,Resonance Skill,Carmine Gleam Damage,4,24.56%*2,0.4912
Danjin,Crimson Fragment,Resonance Skill,Carmine Gleam Damage,5,26.13%*2,0.5226
Danjin,Crimson Fragment,Resonance Skill,Carmine Gleam Damage,6,27.94%*2,0.5588
Danjin,Crimson Fragment,Resonance Skill,Carmine Gleam Damage,7,30.46%*2,0.6092
Danjin,Crimson Fragment,Resonance Skill,Carmine Gleam Damage,8,32.98%*2,0.6596
Danjin,Crimson Fragment,Resonance Skill,Carmine Gleam Damage,9,35.50%*2,0.71
Danjin,Crimson Fragment,Resonance Skill,Carmine Gleam Damage,10,38.18%*2,0.7636
Danjin,Crimson Fragment,Resonance Skill,Carmine Gleam Damage,11,41.33%*2,0.8266
Danjin,Crimson Fragment,Resonance Skill,Carmine Gleam Damage,12,44.47%*2,0.8894
Danjin,Crimson Fragment,Resonance Skill,Carmine Gleam Damage,13,47.62%*2,0.9524
Danjin,Crimson Fragment,Resonance Skill,Carmine Gleam Damage,14,50.77%*2,1.0154
Danjin,Crimson Fragment,Resonance Skill,Carmine Gleam Damage,15,53.92%*2,1.0784
Danjin,Crimson Fragment,Resonance Skill,Carmine Gleam Damage,16,57.07%*2,1.1414
Danjin,Crimson Fragment,Resonance Skill,Carmine Gleam Damage,17,60.22%*2,1.2044
Danjin,Crimson Fragment,Resonance Skill,Carmine Gleam Damage,18,63.37%*2,1.2674
Danjin,Crimson Fragment,Resonance Skill,Carmine Gleam Damage,19,66.52%*2,1.3304
Danjin,Crimson Fragment,Resonance Skill,Carmine Gleam Damage,20,69.66%*2,1.3932
Danjin,Crimson Fragment,Resonance Skill,Crimson Erosion Stage 1 DMG,1,32.40%*2,0.648
Danjin,Crimson Fragment,Resonance Skill,Crimson Erosion Stage 1 DMG,2,35.06%*2,0.7012
Danjin,Crimson Fragment,Resonance Skill,Crimson Erosion Stage 1 DMG,3,37.72%*2,0.7544
Danjin,Crimson Fragment,Resonance Skill,Crimson Erosion Stage 1 DMG,4,41.44%*2,0.8288
Danjin,Crimson Fragment,Resonance Skill,Crimson Erosion Stage 1 DMG,5,44.09%*2,0.8818
Danjin,Crimson Fragment,Resonance Skill,Crimson Erosion Stage 1 DMG,6,47.15%*2,0.943
Danjin,Crimson Fragment,Resonance Skill,Crimson Erosion Stage 1 DMG,7,51.40%*2,1.028
Danjin,Crimson Fragment,Resonance Skill,Crimson Erosion Stage 1 DMG,8,55.65%*2,1.113
Danjin,Crimson Fragment,Resonance Skill,Crimson Erosion Stage 1 DMG,9,59.90%*2,1.198
Danjin,Crimson Fragment,Resonance Skill,Crimson Erosion Stage 1 DMG,10,64.42%*2,1.2884
Danjin,Crimson Fragment,Resonance Skill,Crimson Erosion Stage 1 DMG,11,69.73%*2,1.3946
Danjin,Crimson Fragment,Resonance Skill,Crimson Erosion Stage 1 DMG,12,75.05%*2,1.501
Danjin,Crimson Fragment,Resonance Skill,Crimson Erosion Stage 1 DMG,13,80.36%*2,1.6072
Danjin,Crimson Fragment,Resonance Skill,Crimson Erosion Stage 1 DMG,14,85.67%*2,1.7134
Danjin,Crimson Fragment,Resonance Skill,Crimson Erosion Stage 1 DMG,15,90.99%*2,1.8198
Danjin,Crimson Fragment,Resonance Skill,Crimson Erosion Stage 1 DMG,16,96.30%*2,1.926
Danjin,Crimson Fragment,Resonance Skill,Crimson Erosion Stage 1 DMG,17,101.61%*2,2.0322
Danjin,Crimson Fragment,Resonance Skill,Crimson Erosion Stage 1 DMG,18,106.93%*2,2.1386
Danjin,Crimson Fragment,Resonance Skill,Crimson Erosion Stage 1 DMG,19,112.24%*2,2.2448
Danjin,Crimson Fragment,Resonance Skill,Crimson Erosion Stage 1 DMG,20,117.56%*2,2.3512
Danjin,Crimson Fragment,Resonance Skill,Crimson Erosion Stage 2 DMG,1,30.00%*2,0.6
Danjin,Crimson Fragment,Resonance Skill,Crimson Erosion Stage 2 DMG,2,32.46%*2,0.6492
Danjin,Crimson Fragment,Resonance Skill,Crimson Erosion Stage 2 DMG,3,34.92%*2,0.6984
Danjin,Crimson Fragment,Resonance Skill,Crimson Erosion Stage 2 DMG,4,38.37%*2,0.7674
Danjin,Crimson Fragment,Resonance Skill,Crimson Erosion Stage 2 DMG,5,40.83%*2,0.8166
Danjin,Crimson Fragment,Resonance Skill,Crimson Erosion Stage 2 DMG,6,43.66%*2,0.8732
Danjin,Crimson Fragment,Resonance Skill,Crimson Erosion Stage 2 DMG,7,47.59%*2,0.9518
Danjin,Crimson Fragment,Resonance Skill,Crimson Erosion Stage 2 DMG,8,51.53%*2,1.0306
Danjin,Crimson Fragment,Resonance Skill,Crimson Erosion Stage 2 DMG,9,55.47%*2,1.1094
Danjin,Crimson Fragment,Resonance Skill,Crimson Erosion Stage 2 DMG,10,59.65%*2,1.193
Danjin,Crimson Fragment,Resonance Skill,Crimson Erosion Stage 2 DMG,11,64.57%*2,1.2914
Danjin,Crimson Fragment,Resonance Skill,Crimson Erosion Stage 2 DMG,12,69.49%*2,1.3898
Danjin,Crimson Fragment,Resonance Skill,Crimson Erosion Stage 2 DMG,13,74.41%*2,1.4882
Danjin,Crimson Fragment,Resonance Skill,Crimson Erosion Stage 2 DMG,14,79.33%*2,1.5866
Danjin,Crimson Fragment,Resonance Skill,Crimson Erosion Stage 2 DMG,15,84.25%*2,1.685
Danjin,Crimson Fragment,Resonance Skill,Crimson Erosion Stage 2 DMG,16,89.17%*2,1.7834
Danjin,Crimson Fragment,Resonance Skill,Crimson Erosion Stage 2 DMG,17,94.09%*2,1.8818
Danjin,Crimson Fragment,Resonance Skill,Crimson Erosion Stage 2 DMG,18,99.01%*2,1.9802
Danjin,Crimson Fragment,Resonance Skill,Crimson Erosion Stage 2 DMG,19,103.93%*2,2.0786
Danjin,Crimson Fragment,Resonance Skill,Crimson Erosion Stage 2 DMG,20,108.85%*2,2.177
Danjin,Crimson Fragment,Resonance Skill,Sanguine Pulse Stage 1 DMG,1,28.20%*2,0.564
Danjin,Crimson Fragment,Resonance Skill,Sanguine Pulse Stage 1 DMG,2,30.52%*2,0.6104
Danjin,Crimson Fragment,Resonance Skill,Sanguine Pulse Stage 1 DMG,3,32.83%*2,0.6566
Danjin,Crimson Fragment,Resonance Skill,Sanguine Pulse Stage 1 DMG,4,36.07%*2,0.7214
Danjin,Crimson Fragment,Resonance Skill,Sanguine Pulse Stage 1 DMG,5,38.38%*2,0.7676
Danjin,Crimson Fragment,Resonance Skill,Sanguine Pulse Stage 1 DMG,6,41.04%*2,0.8208
Danjin,Crimson Fragment,Resonance Skill,Sanguine Pulse Stage 1 DMG,7,44.74%*2,0.8948
Danjin,Crimson Fragment,Resonance Skill,Sanguine Pulse Stage 1 DMG,8,48.44%*2,0.9688
Danjin,Crimson Fragment,Resonance Skill,Sanguine Pulse Stage 1 DMG,9,52.14%*2,1.0428
Danjin,Crimson Fragment,Resonance Skill,Sanguine Pulse Stage 1 DMG,10,56.07%*2,1.1214
Danjin,Crimson Fragment,Resonance Skill,Sanguine Pulse Stage 1 DMG,11,60.69%*2,1.2138
Danjin,Crimson Fragment,Resonance Skill,Sanguine Pulse Stage 1 DMG,12,65.32%*2,1.3064
Danjin,Crimson Fragment,Resonance Skill,Sanguine Pulse Stage 1 DMG,13,69.94%*2,1.3988
Danjin,Crimson Fragment,Resonance Skill,Sanguine Pulse Stage 1 DMG,14,74.57%*2,1.4914
Danjin,Crimson Fragment,Resonance Skill,Sanguine Pulse Stage 1 DMG,15,79.19%*2,1.5838
Danjin,Crimson Fragment,Resonance Skill,Sanguine Pulse Stage 1 DMG,16,83.82%*2,1.6764
Danjin,Crimson Fragment,Resonance Skill,Sanguine Pulse Stage 1 DMG,17,88.44%*2,1.7688
Danjin,Crimson Fragment,Resonance Skill,Sanguine Pulse Stage 1 DMG,18,93.07%*2,1.8614
Danjin,Crimson Fragment,Resonance Skill,Sanguine Pulse Stage 1 DMG,19,97.69%*2,1.9538
Danjin,Crimson Fragment,Resonance Skill,Sanguine Pulse Stage 1 DMG,20,102.32%*2,2.0464
Danjin,Crimson Fragment,Resonance Skill,Sanguine Pulse Stage 2 DMG,1,21.60%*3,0.648
Danjin,Crimson Fragment,Resonance Skill,Sanguine Pulse Stage 2 DMG,2,23.38%*3,0.7014
Danjin,Crimson Fragment,Resonance Skill,Sanguine Pulse Stage 2 DMG,3,25.15%*3,0.7545
Danjin,Crimson Fragment,Resonance Skill,Sanguine Pulse Stage 2 DMG,4,27.63%*3,0.8289
Danjin,Crimson Fragment,Resonance Skill,Sanguine Pulse Stage 2 DMG,5,29.40%*3,0.882
Danjin,Crimson Fragment,Resonance Skill,Sanguine Pulse Stage 2 DMG,6,31.44%*3,0.9432
Danjin,Crimson Fragment,Resonance Skill,Sanguine Pulse Stage 2 DMG,7,34.27%*3,1.0281
Danjin,Crimson Fragment,Resonance Skill,Sanguine Pulse Stage 2 DMG,8,37.10%*3,1.113
Danjin,Crimson Fragment,Resonance Skill,Sanguine Pulse Stage 2 DMG,9,39.94%*3,1.1982
Danjin,Crimson Fragment,Resonance Skill,Sanguine Pulse Stage 2 DMG,10,42.95%*3,1.2885
Danjin,Crimson Fragment,Resonance Skill,Sanguine Pulse Stage 2 DMG,11,46.49%*3,1.3947
Danjin,Crimson Fragment,Resonance Skill,Sanguine Pulse Stage 2 DMG,12,50.03%*3,1.5009
Danjin,Crimson Fragment,Resonance Skill,Sanguine Pulse Stage 2 DMG,13,53.58%*3,1.6074
Danjin,Crimson Fragment,Resonance Skill,Sanguine Pulse Stage 2 DMG,14,57.12%*3,1.7136
Danjin,Crimson Fragment,Resonance Skill,Sanguine Pulse Stage 2 DMG,15,60.66%*3,1.8198
Danjin,Crimson Fragment,Resonance Skill,Sanguine Pulse Stage 2 DMG,16,64.20%*3,1.926
Danjin,Crimson Fragment,Resonance Skill,Sanguine Pulse Stage 2 DMG,17,67.74%*3,2.0322
Danjin,Crimson Fragment,Resonance Skill,Sanguine Pulse Stage 2 DMG,18,71.29%*3,2.1387
Danjin,Crimson Fragment,Resonance Skill,Sanguine Pulse Stage 2 DMG,19,74.83%*3,2.2449
Danjin,Crimson Fragment,Resonance Skill,Sanguine Pulse Stage 2 DMG,20,78.37%*3,2.3511
Danjin,Crimson Fragment,Resonance Skill,Sanguine Pulse Stage 3 DMG,1,32.40%*3,0.972
Danjin,Crimson Fragment,Resonance Skill,Sanguine Pulse Stage 3 DMG,2,35.06%*3,1.0518
Danjin,Crimson Fragment,Resonance Skill,Sanguine Pulse Stage 3 DMG,3,37.72%*3,1.1316
Danjin,Crimson Fragment,Resonance Skill,Sanguine Pulse Stage 3 DMG,4,41.44%*3,1.2432
Danjin,Crimson Fragment,Resonance Skill,Sanguine Pulse Stage 3 DMG,5,44.09%*3,1.3227
Danjin,Crimson Fragment,Resonance Skill,Sanguine Pulse Stage 3 DMG,6,47.15%*3,1.4145
Danjin,Crimson Fragment,Resonance Skill,Sanguine Pulse Stage 3 DMG,7,51.40%*3,1.542
Danjin,Crimson Fragment,Resonance Skill,Sanguine Pulse Stage 3 DMG,8,55.65%*3,1.6695
Danjin,Crimson Fragment,Resonance Skill,Sanguine Pulse Stage 3 DMG,9,59.90%*3,1.797
Danjin,Crimson Fragment,Resonance Skill,Sanguine Pulse Stage 3 DMG,10,64.42%*3,1.9326
Danjin,Crimson Fragment,Resonance Skill,Sanguine Pulse Stage 3 DMG,11,69.73%*3,2.0919
Danjin,Crimson Fragment,Resonance Skill,Sanguine Pulse Stage 3 DMG,12,75.05%*3,2.2515
Danjin,Crimson Fragment,Resonance Skill,Sanguine Pulse Stage 3 DMG,13,80.36%*3,2.4108
Danjin,Crimson Fragment,Resonance Skill,Sanguine Pulse Stage 3 DMG,14,85.67%*3,2.5701
Danjin,Crimson Fragment,Resonance Skill,Sanguine Pulse Stage 3 DMG,15,90.99%*3,2.7297
Danjin,Crimson Fragment,Resonance Skill,Sanguine Pulse Stage 3 DMG,16,96.30%*3,2.889
Danjin,Crimson Fragment,Resonance Skill,Sanguine Pulse Stage 3 DMG,17,101.61%*3,3.0483
Danjin,Crimson Fragment,Resonance Skill,Sanguine Pulse Stage 3 DMG,18,106.93%*3,3.2079
Danjin,Crimson Fragment,Resonance Skill,Sanguine Pulse Stage 3 DMG,19,112.24%*3,3.3672
Danjin,Crimson Fragment,Resonance Skill,Sanguine Pulse Stage 3 DMG,20,117.56%*3,3.5268
Danjin,Crimson Fragment,Resonance Skill,Incinerating Will Duration,1,12,0.0
Danjin,Crimson Fragment,Resonance Skill,Incinerating Will Duration,2,12,0.0
Danjin,Crimson Fragment,Resonance Skill,Incinerating Will Duration,3,12,0.0
Danjin,Crimson Fragment,Resonance Skill,Incinerating Will Duration,4,12,0.0
Danjin,Crimson Fragment,Resonance Skill,Incinerating Will Duration,5,12,0.0
Danjin,Crimson Fragment,Resonance Skill,Incinerating Will Duration,6,12,0.0
Danjin,Crimson Fragment,Resonance Skill,Incinerating Will Duration,7,12,0.0
Danjin,Crimson Fragment,Resonance Skill,Incinerating Will Duration,8,12,0.0
Danjin,Crimson Fragment,Resonance Skill,Incinerating Will Duration,9,12,0.0
Danjin,Crimson Fragment,Resonance Skill,Incinerating Will Duration,10,12,0.0
Danjin,Crimson Fragment,Resonance Skill,Incinerating Will Duration,11,12,0.0
Danjin,Crimson Fragment,Resonance Skill,Incinerating Will Duration,12,12,0.0
Danjin,Crimson Fragment,Resonance Skill,Incinerating Will Duration,13,12,0.0
Danjin,Crimson Fragment,Resonance Skill,Incinerating Will Duration,14,12,0.0
Danjin,Crimson Fragment,Resonance Skill,Incinerating Will Duration,15,12,0.0
Danjin,Crimson Fragment,Resonance Skill,Incinerating Will Duration,16,12,0.0
Danjin,Crimson Fragment,Resonance Skill,Incinerating Will Duration,17,12,0.0
Danjin,Crimson Fragment,Resonance Skill,Incinerating Will Duration,18,12,0.0
Danjin,Crimson Fragment,Resonance Skill,Cooldown,1,0,0.0
Danjin,Crimson Fragment,Resonance Skill,Cooldown,2,0,0.0
Danjin,Crimson Fragment,Resonance Skill,Cooldown,3,0,0.0
Danjin,Crimson Fragment,Resonance Skill,Cooldown,4,0,0.0
Danjin,Crimson Fragment,Resonance Skill,Cooldown,5,0,0.0
Danjin,Crimson Fragment,Resonance Skill,Cooldown,6,0,0.0
Danjin,Crimson Fragment,Resonance Skill,Cooldown,7,0,0.0
Danjin,Crimson Fragment,Resonance Skill,Cooldown,8,0,0.0
Danjin,Crimson Fragment,Resonance Skill,Cooldown,9,0,0.0
Danjin,Crimson Fragment,Resonance Skill,Cooldown,10,0,0.0
Danjin,Crimson Fragment,Resonance Skill,Cooldown,11,0,0.0
Danjin,Crimson Fragment,Resonance Skill,Cooldown,12,0,0.0
Danjin,Crimson Fragment,Resonance Skill,Cooldown,13,0,0.0
Danjin,Crimson Fragment,Resonance Skill,Cooldown,14,0,0.0
Danjin,Crimson Fragment,Resonance Skill,Cooldown,15,0,0.0
Danjin,Crimson Fragment,Resonance Skill,Cooldown,16,0,0.0
Danjin,Crimson Fragment,Resonance Skill,Cooldown,17,0,0.0
Danjin,Crimson Fragment,Resonance Skill,Cooldown,18,0,0.0
Danjin,Crimson Fragment,Resonance Skill,Cooldown,19,0,0.0
Danjin,Crimson Fragment,Resonance Skill,Cooldown,20,0,0.0
Danjin,Crimson Bloom,Resonance Liberation,Consecutive Attack DMG,1,24.69%*8,1.9752
Danjin,Crimson Bloom,Resonance Liberation,Consecutive Attack DMG,2,26.72%*8,2.1376
Danjin,Crimson Bloom,Resonance Liberation,Consecutive Attack DMG,3,28.74%*8,2.2992
Danjin,Crimson Bloom,Resonance Liberation,Consecutive Attack DMG,4,31.58%*8,2.5264
Danjin,Crimson Bloom,Resonance Liberation,Consecutive Attack DMG,5,33.60%*8,2.688
Danjin,Crimson Bloom,Resonance Liberation,Consecutive Attack DMG,6,35.93%*8,2.8744
Danjin,Crimson Bloom,Resonance Liberation,Consecutive Attack DMG,7,39.17%*8,3.1336
Danjin,Crimson Bloom,Resonance Liberation,Consecutive Attack DMG,8,42.41%*8,3.3928
Danjin,Crimson Bloom,Resonance Liberation,Consecutive Attack DMG,9,45.64%*8,3.6512
Danjin,Crimson Bloom,Resonance Liberation,Consecutive Attack DMG,10,49.09%*8,3.9272
Danjin,Crimson Bloom,Resonance Liberation,Consecutive Attack DMG,11,53.13%*8,4.2504
Danjin,Crimson Bloom,Resonance Liberation,Consecutive Attack DMG,12,57.18%*8,4.5744
Danjin,Crimson Bloom,Resonance Liberation,Consecutive Attack DMG,13,61.23%*8,4.8984
Danjin,Crimson Bloom,Resonance Liberation,Consecutive Attack DMG,14,65.28%*8,5.2224
Danjin,Crimson Bloom,Resonance Liberation,Consecutive Attack DMG,15,69.33%*8,5.5464
Danjin,Crimson Bloom,Resonance Liberation,Consecutive Attack DMG,16,73.38%*8,5.8704
Danjin,Crimson Bloom,Resonance Liberation,Consecutive Attack DMG,17,77.43%*8,6.1944
Danjin,Crimson Bloom,Resonance Liberation,Consecutive Attack DMG,18,81.48%*8,6.5184
Danjin,Crimson Bloom,Resonance Liberation,Consecutive Attack DMG,19,85.52%*8,6.8416
Danjin,Crimson Bloom,Resonance Liberation,Consecutive Attack DMG,20,89.57%*8,7.1656
Danjin,Crimson Bloom,Resonance Liberation,Scarlet Burst Damage,1,197.50%,1.975
Danjin,Crimson Bloom,Resonance Liberation,Scarlet Burst Damage,2,213.70%,2.137
Danjin,Crimson Bloom,Resonance Liberation,Scarlet Burst Damage,3,229.89%,2.2989
Danjin,Crimson Bloom,Resonance Liberation,Scarlet Burst Damage,4,252.57%,2.5257
Danjin,Crimson Bloom,Resonance Liberation,Scarlet Burst Damage,5,268.76%,2.6876
Danjin,Crimson Bloom,Resonance Liberation,Scarlet Burst Damage,6,287.39%,2.8739
Danjin,Crimson Bloom,Resonance Liberation,Scarlet Burst Damage,7,313.30%,3.133
Danjin,Crimson Bloom,Resonance Liberation,Scarlet Burst Damage,8,339.21%,3.3921
Danjin,Crimson Bloom,Resonance Liberation,Scarlet Burst Damage,9,365.12%,3.6512
Danjin,Crimson Bloom,Resonance Liberation,Scarlet Burst Damage,10,392.65%,3.9265
Danjin,Crimson Bloom,Resonance Liberation,Scarlet Burst Damage,11,425.04%,4.2504
Danjin,Crimson Bloom,Resonance Liberation,Scarlet Burst Damage,12,457.43%,4.5743
Danjin,Crimson Bloom,Resonance Liberation,Scarlet Burst Damage,13,489.82%,4.8982
Danjin,Crimson Bloom,Resonance Liberation,Scarlet Burst Damage,14,522.21%,5.2221
Danjin,Crimson Bloom,Resonance Liberation,Scarlet Burst Damage,15,554.60%,5.546
Danjin,Crimson Bloom,Resonance Liberation,Scarlet Burst Damage,16,586.99%,5.8699
Danjin,Crimson Bloom,Resonance Liberation,Scarlet Burst Damage,17,619.38%,6.1938
Danjin,Crimson Bloom,Resonance Liberation,Scarlet Burst Damage,18,651.77%,6.5177
Danjin,Crimson Bloom,Resonance Liberation,Scarlet Burst Damage,19,684.16%,6.8416
Danjin,Crimson Bloom,Resonance Liberation,Scarlet Burst Damage,20,716.55%,7.1655
Danjin,Crimson Bloom,Resonance Liberation,Cooldown,1,16,0.0
Danjin,Crimson Bloom,Resonance Liberation,Cooldown,2,16,0.0
Danjin,Crimson Bloom,Resonance Liberation,Cooldown,3,16,0.0
Danjin,Crimson Bloom,Resonance Liberation,Cooldown,4,16,0.0
Danjin,Crimson Bloom,Resonance Liberation,Cooldown,5,16,0.0
Danjin,Crimson Bloom,Resonance Liberation,Cooldown,6,16,0.0
Danjin,Crimson Bloom,Resonance Liberation,Cooldown,7,16,0.0
Danjin,Crimson Bloom,Resonance Liberation,Cooldown,8,16,0.0
Danjin,Crimson Bloom,Resonance Liberation,Cooldown,9,16,0.0
Danjin,Crimson Bloom,Resonance Liberation,Cooldown,10,16,0.0
Danjin,Crimson Bloom,Resonance Liberation,Cooldown,11,16,0.0
Danjin,Crimson Bloom,Resonance Liberation,Cooldown,12,16,0.0
Danjin,Crimson Bloom,Resonance Liberation,Cooldown,13,16,0.0
Danjin,Crimson Bloom,Resonance Liberation,Cooldown,14,16,0.0
Danjin,Crimson Bloom,Resonance Liberation,Cooldown,15,16,0.0
Danjin,Crimson Bloom,Resonance Liberation,Cooldown,16,16,0.0
Danjin,Crimson Bloom,Resonance Liberation,Cooldown,17,16,0.0
Danjin,Crimson Bloom,Resonance Liberation,Cooldown,18,16,0.0
Danjin,Crimson Bloom,Resonance Liberation,Resonance Cost,1,100,0.0
Danjin,Crimson Bloom,Resonance Liberation,Resonance Cost,2,100,0.0
Danjin,Crimson Bloom,Resonance Liberation,Resonance Cost,3,100,0.0
Danjin,Crimson Bloom,Resonance Liberation,Resonance Cost,4,100,0.0
Danjin,Crimson Bloom,Resonance Liberation,Resonance Cost,5,100,0.0
Danjin,Crimson Bloom,Resonance Liberation,Resonance Cost,6,100,0.0
Danjin,Crimson Bloom,Resonance Liberation,Resonance Cost,7,100,0.0
Danjin,Crimson Bloom,Resonance Liberation,Resonance Cost,8,100,0.0
Danjin,Crimson Bloom,Resonance Liberation,Resonance Cost,9,100,0.0
Danjin,Crimson Bloom,Resonance Liberation,Resonance Cost,10,100,0.0
Danjin,Crimson Bloom,Resonance Liberation,Resonance Cost,11,100,0.0
Danjin,Crimson Bloom,Resonance Liberation,Resonance Cost,12,100,0.0
Danjin,Crimson Bloom,Resonance Liberation,Resonance Cost,13,100,0.0
Danjin,Crimson Bloom,Resonance Liberation,Resonance Cost,14,100,0.0
Danjin,Crimson Bloom,Resonance Liberation,Resonance Cost,15,100,0.0
Danjin,Crimson Bloom,Resonance Liberation,Resonance Cost,16,100,0.0
Danjin,Crimson Bloom,Resonance Liberation,Resonance Cost,17,100,0.0
Danjin,Crimson Bloom,Resonance Liberation,Resonance Cost,18,100,0.0
Danjin,Crimson Bloom,Resonance Liberation,Concerto Regen,1,20,0.0
Danjin,Crimson Bloom,Resonance Liberation,Concerto Regen,2,20,0.0
Danjin,Crimson Bloom,Resonance Liberation,Concerto Regen,3,20,0.0
Danjin,Crimson Bloom,Resonance Liberation,Concerto Regen,4,20,0.0
Danjin,Crimson Bloom,Resonance Liberation,Concerto Regen,5,20,0.0
Danjin,Crimson Bloom,Resonance Liberation,Concerto Regen,6,20,0.0
Danjin,Crimson Bloom,Resonance Liberation,Concerto Regen,7,20,0.0
Danjin,Crimson Bloom,Resonance Liberation,Concerto Regen,8,20,0.0
Danjin,Crimson Bloom,Resonance Liberation,Concerto Regen,9,20,0.0
Danjin,Crimson Bloom,Resonance Liberation,Concerto Regen,10,20,0.0
Danjin,Crimson Bloom,Resonance Liberation,Concerto Regen,11,20,0.0
Danjin,Crimson Bloom,Resonance Liberation,Concerto Regen,12,20,0.0
Danjin,Crimson Bloom,Resonance Liberation,Concerto Regen,13,20,0.0
Danjin,Crimson Bloom,Resonance Liberation,Concerto Regen,14,20,0.0
Danjin,Crimson Bloom,Resonance Liberation,Concerto Regen,15,20,0.0
Danjin,Crimson Bloom,Resonance Liberation,Concerto Regen,16,20,0.0
Danjin,Crimson Bloom,Resonance Liberation,Concerto Regen,17,20,0.0
Danjin,Crimson Bloom,Resonance Liberation,Concerto Regen,18,20,0.0
Danjin,Vindication,Intro Skill,Intro DMG,1,25.00%*4,1.0
Danjin,Vindication,Intro Skill,Intro DMG,2,27.05%*4,1.082
Danjin,Vindication,Intro Skill,Intro DMG,3,29.10%*4,1.164
Danjin,Vindication,Intro Skill,Intro DMG,4,31.97%*4,1.2788
Danjin,Vindication,Intro Skill,Intro DMG,5,34.02%*4,1.3608
Danjin,Vindication,Intro Skill,Intro DMG,6,36.38%*4,1.4552
Danjin,Vindication,Intro Skill,Intro DMG,7,39.66%*4,1.5864
Danjin,Vindication,Intro Skill,Intro DMG,8,42.94%*4,1.7176
Danjin,Vindication,Intro Skill,Intro DMG,9,46.22%*4,1.8488
Danjin,Vindication,Intro Skill,Intro DMG,10,49.71%*4,1.9884
Danjin,Vindication,Intro Skill,Intro DMG,11,53.81%*4,2.1524
Danjin,Vindication,Intro Skill,Intro DMG,12,57.91%*4,2.3164
Danjin,Vindication,Intro Skill,Intro DMG,13,62.01%*4,2.4804
Danjin,Vindication,Intro Skill,Intro DMG,14,66.11%*4,2.6444
Danjin,Vindication,Intro Skill,Intro DMG,15,70.21%*4,2.8084
Danjin,Vindication,Intro Skill,Intro DMG,16,74.31%*4,2.9724
Danjin,Vindication,Intro Skill,Intro DMG,17,78.41%*4,3.1364
Danjin,Vindication,Intro Skill,Intro DMG,18,82.51%*4,3.3004
Danjin,Vindication,Intro Skill,Intro DMG,19,86.61%*4,3.4644
Danjin,Vindication,Intro Skill,Intro DMG,20,90.71%*4,3.6284
Danjin,Vindication,Intro Skill,Concerto Regen,1,10,0.0
Danjin,Vindication,Intro Skill,Concerto Regen,2,10,0.0
Danjin,Vindication,Intro Skill,Concerto Regen,3,10,0.0
Danjin,Vindication,Intro Skill,Concerto Regen,4,10,0.0
Danjin,Vindication,Intro Skill,Concerto Regen,5,10,0.0
Danjin,Vindication,Intro Skill,Concerto Regen,6,10,0.0
Danjin,Vindication,Intro Skill,Concerto Regen,7,10,0.0
Danjin,Vindication,Intro Skill,Concerto Regen,8,10,0.0
Danjin,Vindication,Intro Skill,Concerto Regen,9,10,0.0
Danjin,Vindication,Intro Skill,Concerto Regen,10,10,0.0
Danjin,Vindication,Intro Skill,Concerto Regen,11,10,0.0
Danjin,Vindication,Intro Skill,Concerto Regen,12,10,0.0
Danjin,Vindication,Intro Skill,Concerto Regen,13,10,0.0
Danjin,Vindication,Intro Skill,Concerto Regen,14,10,0.0
Danjin,Vindication,Intro Skill,Concerto Regen,15,10,0.0
Danjin,Vindication,Intro Skill,Concerto Regen,16,10,0.0
Danjin,Vindication,Intro Skill,Concerto Regen,17,10,0.0
Danjin,Vindication,Intro Skill,Concerto Regen,18,10,0.0
Danjin,Serene Vigil,Forte Circuit,Chaoscleave Damage,1,30.00%*7,2.1
Danjin,Serene Vigil,Forte Circuit,Chaoscleave Damage,2,32.46%*7,2.2722
Danjin,Serene Vigil,Forte Circuit,Chaoscleave Damage,3,34.92%*7,2.4444
Danjin,Serene Vigil,Forte Circuit,Chaoscleave Damage,4,38.37%*7,2.6859
Danjin,Serene Vigil,Forte Circuit,Chaoscleave Damage,5,40.83%*7,2.8581
Danjin,Serene Vigil,Forte Circuit,Chaoscleave Damage,6,43.66%*7,3.0562
Danjin,Serene Vigil,Forte Circuit,Chaoscleave Damage,7,47.59%*7,3.3313
Danjin,Serene Vigil,Forte Circuit,Chaoscleave Damage,8,51.53%*7,3.6071
Danjin,Serene Vigil,Forte Circuit,Chaoscleave Damage,9,55.47%*7,3.8829
Danjin,Serene Vigil,Forte Circuit,Chaoscleave Damage,10,59.65%*7,4.1755
Danjin,Serene Vigil,Forte Circuit,Chaoscleave Damage,11,64.57%*7,4.5199
Danjin,Serene Vigil,Forte Circuit,Chaoscleave Damage,12,69.49%*7,4.8643
Danjin,Serene Vigil,Forte Circuit,Chaoscleave Damage,13,74.41%*7,5.2087
Danjin,Serene Vigil,Forte Circuit,Chaoscleave Damage,14,79.33%*7,5.5531
Danjin,Serene Vigil,Forte Circuit,Chaoscleave Damage,15,84.25%*7,5.8975
Danjin,Serene Vigil,Forte Circuit,Chaoscleave Damage,16,89.17%*7,6.2419
Danjin,Serene Vigil,Forte Circuit,Chaoscleave Damage,17,94.09%*7,6.5863
Danjin,Serene Vigil,Forte Circuit,Chaoscleave Damage,18,99.01%*7,6.9307
Danjin,Serene Vigil,Forte Circuit,Chaoscleave Damage,19,103.93%*7,7.2751
Danjin,Serene Vigil,Forte Circuit,Chaoscleave Damage,20,108.85%*7,7.6195
Danjin,Serene Vigil,Forte Circuit,Scatterbloom Damage,1,90.00%,0.9
Danjin,Serene Vigil,Forte Circuit,Scatterbloom Damage,2,97.38%,0.9738
Danjin,Serene Vigil,Forte Circuit,Scatterbloom Damage,3,104.76%,1.0476
Danjin,Serene Vigil,Forte Circuit,Scatterbloom Damage,4,115.10%,1.151
Danjin,Serene Vigil,Forte Circuit,Scatterbloom Damage,5,122.48%,1.2248
Danjin,Serene Vigil,Forte Circuit,Scatterbloom Damage,6,130.96%,1.3096
Danjin,Serene Vigil,Forte Circuit,Scatterbloom Damage,7,142.77%,1.4277
Danjin,Serene Vigil,Forte Circuit,Scatterbloom Damage,8,154.58%,1.5458
Danjin,Serene Vigil,Forte Circuit,Scatterbloom Damage,9,166.39%,1.6639
Danjin,Serene Vigil,Forte Circuit,Scatterbloom Damage,10,178.93%,1.7893
Danjin,Serene Vigil,Forte Circuit,Scatterbloom Damage,11,193.69%,1.9369
Danjin,Serene Vigil,Forte Circuit,Scatterbloom Damage,12,208.45%,2.0845
Danjin,Serene Vigil,Forte Circuit,Scatterbloom Damage,13,223.21%,2.2321
Danjin,Serene Vigil,Forte Circuit,Scatterbloom Damage,14,237.97%,2.3797
Danjin,Serene Vigil,Forte Circuit,Scatterbloom Damage,15,252.73%,2.5273
Danjin,Serene Vigil,Forte Circuit,Scatterbloom Damage,16,267.49%,2.6749
Danjin,Serene Vigil,Forte Circuit,Scatterbloom Damage,17,282.25%,2.8225
Danjin,Serene Vigil,Forte Circuit,Scatterbloom Damage,18,297.01%,2.9701
Danjin,Serene Vigil,Forte Circuit,Scatterbloom Damage,19,311.77%,3.1177
Danjin,Serene Vigil,Forte Circuit,Scatterbloom Damage,20,326.53%,3.2653
Danjin,Serene Vigil,Forte Circuit,Full Energy Chaoscleave Damage,1,72.00%*7,5.04
Danjin,Serene Vigil,Forte Circuit,Full Energy Chaoscleave Damage,2,77.91%*7,5.4537
Danjin,Serene Vigil,Forte Circuit,Full Energy Chaoscleave Damage,3,83.81%*7,5.8667
Danjin,Serene Vigil,Forte Circuit,Full Energy Chaoscleave Damage,4,92.08%*7,6.4456
Danjin,Serene Vigil,Forte Circuit,Full Energy Chaoscleave Damage,5,97.98%*7,6.8586
Danjin,Serene Vigil,Forte Circuit,Full Energy Chaoscleave Damage,6,104.77%*7,7.3339
Danjin,Serene Vigil,Forte Circuit,Full Energy Chaoscleave Damage,7,114.22%*7,7.9954
Danjin,Serene Vigil,Forte Circuit,Full Energy Chaoscleave Damage,8,123.66%*7,8.6562
Danjin,Serene Vigil,Forte Circuit,Full Energy Chaoscleave Damage,9,133.11%*7,9.3177
Danjin,Serene Vigil,Forte Circuit,Full Energy Chaoscleave Damage,10,143.15%*7,10.0205
Danjin,Serene Vigil,Forte Circuit,Full Energy Chaoscleave Damage,11,154.96%*7,10.8472
Danjin,Serene Vigil,Forte Circuit,Full Energy Chaoscleave Damage,12,166.76%*7,11.6732
Danjin,Serene Vigil,Forte Circuit,Full Energy Chaoscleave Damage,13,178.57%*7,12.4999
Danjin,Serene Vigil,Forte Circuit,Full Energy Chaoscleave Damage,14,190.38%*7,13.3266
Danjin,Serene Vigil,Forte Circuit,Full Energy Chaoscleave Damage,15,202.19%*7,14.1533
Danjin,Serene Vigil,Forte Circuit,Full Energy Chaoscleave Damage,16,214.00%*7,14.98
Danjin,Serene Vigil,Forte Circuit,Full Energy Chaoscleave Damage,17,225.80%*7,15.806
Danjin,Serene Vigil,Forte Circuit,Full Energy Chaoscleave Damage,18,237.61%*7,16.6327
Danjin,Serene Vigil,Forte Circuit,Full Energy Chaoscleave Damage,19,249.42%*7,17.4594
Danjin,Serene Vigil,Forte Circuit,Full Energy Chaoscleave Damage,20,261.23%*7,18.2861
Danjin,Serene Vigil,Forte Circuit,Full Energy Scatterbloom Damage,1,216.00%,2.16
Danjin,Serene Vigil,Forte Circuit,Full Energy Scatterbloom Damage,2,233.72%,2.3372
Danjin,Serene Vigil,Forte Circuit,Full Energy Scatterbloom Damage,3,251.43%,2.5143
Danjin,Serene Vigil,Forte Circuit,Full Energy Scatterbloom Damage,4,276.23%,2.7623
Danjin,Serene Vigil,Forte Circuit,Full Energy Scatterbloom Damage,5,293.94%,2.9394
Danjin,Serene Vigil,Forte Circuit,Full Energy Scatterbloom Damage,6,314.31%,3.1431
Danjin,Serene Vigil,Forte Circuit,Full Energy Scatterbloom Damage,7,342.65%,3.4265
Danjin,Serene Vigil,Forte Circuit,Full Energy Scatterbloom Damage,8,370.98%,3.7098
Danjin,Serene Vigil,Forte Circuit,Full Energy Scatterbloom Damage,9,399.32%,3.9932
Danjin,Serene Vigil,Forte Circuit,Full Energy Scatterbloom Damage,10,429.43%,4.2943
Danjin,Serene Vigil,Forte Circuit,Full Energy Scatterbloom Damage,11,464.86%,4.6486
Danjin,Serene Vigil,Forte Circuit,Full Energy Scatterbloom Damage,12,500.28%,5.0028
Danjin,Serene Vigil,Forte Circuit,Full Energy Scatterbloom Damage,13,535.71%,5.3571
Danjin,Serene Vigil,Forte Circuit,Full Energy Scatterbloom Damage,14,571.13%,5.7113
Danjin,Serene Vigil,Forte Circuit,Full Energy Scatterbloom Damage,15,606.55%,6.0655
Danjin,Serene Vigil,Forte Circuit,Full Energy Scatterbloom Damage,16,641.98%,6.4198
Danjin,Serene Vigil,Forte Circuit,Full Energy Scatterbloom Damage,17,677.40%,6.774
Danjin,Serene Vigil,Forte Circuit,Full Energy Scatterbloom Damage,18,712.83%,7.1283
Danjin,Serene Vigil,Forte Circuit,Full Energy Scatterbloom Damage,19,748.25%,7.4825
Danjin,Serene Vigil,Forte Circuit,Full Energy Scatterbloom Damage,20,783.67%,7.8367
Danjin,Serene Vigil,Forte Circuit,Chaoscleave Healing,1,36,0.0
Danjin,Serene Vigil,Forte Circuit,Chaoscleave Healing,2,36,0.0
Danjin,Serene Vigil,Forte Circuit,Chaoscleave Healing,3,36,0.0
Danjin,Serene Vigil,Forte Circuit,Chaoscleave Healing,4,36,0.0
Danjin,Serene Vigil,Forte Circuit,Chaoscleave Healing,5,36,0.0
Danjin,Serene Vigil,Forte Circuit,Chaoscleave Healing,6,36,0.0
Danjin,Serene Vigil,Forte Circuit,Chaoscleave Healing,7,36,0.0
Danjin,Serene Vigil,Forte Circuit,Chaoscleave Healing,8,36,0.0
Danjin,Serene Vigil,Forte Circuit,Chaoscleave Healing,9,36,0.0
Danjin,Serene Vigil,Forte Circuit,Chaoscleave Healing,10,36,0.0
Danjin,Serene Vigil,Forte Circuit,Chaoscleave Healing,11,36,0.0
Danjin,Serene Vigil,Forte Circuit,Chaoscleave Healing,12,36,0.0
Danjin,Serene Vigil,Forte Circuit,Chaoscleave Healing,13,36,0.0
Danjin,Serene Vigil,Forte Circuit,Chaoscleave Healing,14,36,0.0
Danjin,Serene Vigil,Forte Circuit,Chaoscleave Healing,15,36,0.0
Danjin,Serene Vigil,Forte Circuit,Chaoscleave Healing,16,36,0.0
Danjin,Serene Vigil,Forte Circuit,Chaoscleave Healing,17,36,0.0
Danjin,Serene Vigil,Forte Circuit,Chaoscleave Healing,18,36,0.0
Danjin,Serene Vigil,Forte Circuit,Chaoscleave Concerto Regen,1,50,0.0
Danjin,Serene Vigil,Forte Circuit,Chaoscleave Concerto Regen,2,50,0.0
Danjin,Serene Vigil,Forte Circuit,Chaoscleave Concerto Regen,3,50,0.0
Danjin,Serene Vigil,Forte Circuit,Chaoscleave Concerto Regen,4,50,0.0
Danjin,Serene Vigil,Forte Circuit,Chaoscleave Concerto Regen,5,50,0.0
Danjin,Serene Vigil,Forte Circuit,Chaoscleave Concerto Regen,6,50,0.0
Danjin,Serene Vigil,Forte Circuit,Chaoscleave Concerto Regen,7,50,0.0
Danjin,Serene Vigil,Forte Circuit,Chaoscleave Concerto Regen,8,50,0.0
Danjin,Serene Vigil,Forte Circuit,Chaoscleave Concerto Regen,9,50,0.0
Danjin,Serene Vigil,Forte Circuit,Chaoscleave Concerto Regen,10,50,0.0
Danjin,Serene Vigil,Forte Circuit,Chaoscleave Concerto Regen,11,50,0.0
Danjin,Serene Vigil,Forte Circuit,Chaoscleave Concerto Regen,12,50,0.0
Danjin,Serene Vigil,Forte Circuit,Chaoscleave Concerto Regen,13,50,0.0
Danjin,Serene Vigil,Forte Circuit,Chaoscleave Concerto Regen,14,50,0.0
Danjin,Serene Vigil,Forte Circuit,Chaoscleave Concerto Regen,15,50,0.0
Danjin,Serene Vigil,Forte Circuit,Chaoscleave Concerto Regen,16,50,0.0
Danjin,Serene Vigil,Forte Circuit,Chaoscleave Concerto Regen,17,50,0.0
Danjin,Serene Vigil,Forte Circuit,Chaoscleave Concerto Regen,18,50,0.0
